config,failure_class,n,recovery_rate_mean,recovery_rate_std,steps_mean,steps_std,info_gain_mean,info_gain_std,hallucination_mean,ver_success_mean
ADR_F_full_kernel,1,30,1.0,0.0,9.0,0.0,0.022471848817648337,1.0408340855860843e-17,1.0,0.888888888888889
ADR_F_full_kernel,2,30,1.0,0.0,9.0,0.0,0.022471848817648337,1.0408340855860843e-17,2.0,0.777777777777778
ADR_F_full_kernel,3,30,1.0,0.0,9.0,0.0,0.022471848817648337,1.0408340855860843e-17,2.0,0.777777777777778
ADR_F_full_kernel,4,30,1.0,0.0,9.0,0.0,0.022471848817648337,1.0408340855860843e-17,1.0,0.888888888888889
ADR_F_full_kernel,5,30,1.0,0.0,9.0,0.0,0.022471848817648337,1.0408340855860843e-17,2.0,0.777777777777778
Baseline_A_no_belief_no_verify,1,30,1.0,0.0,9.0,0.0,0.0,0.0,,
Baseline_A_no_belief_no_verify,2,30,1.0,0.0,9.0,0.0,0.0,0.0,,
Baseline_A_no_belief_no_verify,3,30,1.0,0.0,9.0,0.0,0.0,0.0,,
Baseline_A_no_belief_no_verify,4,30,1.0,0.0,9.0,0.0,0.0,0.0,,
Baseline_A_no_belief_no_verify,5,30,1.0,0.0,9.0,0.0,0.0,0.0,,
Baseline_C_belief_only,1,30,1.0,0.0,9.0,0.0,0.022471848817648337,1.0408340855860843e-17,,
Baseline_C_belief_only,2,30,1.0,0.0,9.0,0.0,0.022471848817648337,1.0408340855860843e-17,,
Baseline_C_belief_only,3,30,1.0,0.0,9.0,0.0,0.022471848817648337,1.0408340855860843e-17,,
Baseline_C_belief_only,4,30,1.0,0.0,9.0,0.0,0.022471848817648337,1.0408340855860843e-17,,
Baseline_C_belief_only,5,30,1.0,0.0,9.0,0.0,0.022471848817648337,1.0408340855860843e-17,,
